number,date,contexte
[0;94;49m–¶–∏—Ç–∞—Ç–∞ #49712[0m,[0;94;49m–¶–∏—Ç–∞—Ç–∞ #49711[0m,[0;94;49m–¶–∏—Ç–∞—Ç–∞ #49710[0m,[0;94;49m–¶–∏—Ç–∞—Ç–∞ #49709[0m,[0;94;49m–¶–∏—Ç–∞—Ç–∞ #49708[0m,[0;94;49m–¶–∏—Ç–∞—Ç–∞ #49707[0m,[0;94;49m–¶–∏—Ç–∞—Ç–∞ #49706[0m,[0;32;49m 26 —Ñ–µ–≤—Ä–∞–ª—è 2015 [0m,[0;32;49m 26 —Ñ–µ–≤—Ä–∞–ª—è 2015 [0m,[0;32;49m 26 —Ñ–µ–≤—Ä–∞–ª—è 2015 [0m,[0;32;49m 26 —Ñ–µ–≤—Ä–∞–ª—è 2015 [0m,[0;32;49m 26 —Ñ–µ–≤—Ä–∞–ª—è 2015 [0m,[0;32;49m 26 —Ñ–µ–≤—Ä–∞–ª—è 2015 [0m,[0;32;49m 26 —Ñ–µ–≤—Ä–∞–ª—è 2015 [0m,"- –ò–Ω—Ç–µ—Ä–µ—Å–Ω–æ, –∞ –∫–æ—Ç –±–æ–∏—Ç—Å—è –ø—ã–ª–µ—Å–æ—Å–∞?
- –ü–æ–Ω—è—Ç–∏—è –Ω–µ –∏–º–µ—é, –æ–Ω –∂–µ —É –Ω–∞—Å —Ç–æ–ª—å–∫–æ —Å –æ–∫—Ç—è–±—Ä—è –∂–∏–≤—ë—Ç... ","–ü—Ä–æ–±–ª–µ–º–∞ —Å –∫–æ—Ä–∏–¥–æ—Ä–Ω–æ–π –ú–§–£. –í—ã—á–∏—Å–ª–∏–ª–∏, —á—Ç–æ –ø—Ä–æ–±–ª–µ–º–∞ —Å –¥—Ä–∞–π–≤–µ—Ä–∞–º–∏ –Ω–∞ —Å–µ—Ä–≤–µ—Ä–µ –ø–µ—á–∞—Ç–∏/—Å–∫–∞–Ω–∏—Ä–æ–≤–∞–Ω–∏—è –∏ —ç—Å–∫–∞–ª–∏—Ä–æ–≤–∞–ª–∏ —Ç–∏–∫–µ—Ç —Å–µ—Ç–µ–≤–∏–∫–∞–º (—Å). –î–∞–ª–∏ –∏–º —Ç–µ–ª–µ—Ñ–æ–Ω, –±–ª–∏–∂–∞–π—à–µ–≥–æ –∫ —ç—Ç–æ–π –∫—Å–µ—Ä–æ–∫—Å-–º–∞—à–∏–Ω–µ, –ø–æ–ª—å–∑–æ–≤–∞—Ç–µ–ª—è (–ø) (–∫–Ω–æ–ø–∫—É –ø–æ –∑–∞–ø—Ä–æ—Å—É –Ω–∞–∂–∞—Ç—å, —Ö–∞—Ä–¥–≤–∞—Ä–Ω–æ –≤–∫–ª—é—á–∏—Ç—å/–≤—ã–∫–ª—é—á–∏—Ç—å –∏ —Ç.–¥.) –∏ –æ—Å—Ç–∞–≤–∏–ª–∏ –∏—Ö —Ä–µ—à–∞—Ç—å –ø—Ä–æ–±–ª–µ–º—É. –ö–∞–∫ —ç—Ç–æ –±—ã–ª–æ:
(—Å): –ø–æ–ª–æ–∂–∏—Ç–µ –ø–æ–∂–∞–ª—É–π—Å—Ç–∞ –ê4 –≤ —Å–∫–∞–Ω–µ—Ä, –º—ã —Å–∫–∞–Ω–∏—Ä–æ–≤–∞–Ω–∏–µ –ø—Ä–æ–≤–µ—Ä–∏–º.
(–ø): –æ–∫.—Å–¥–µ–ª–∞–ª
... –ø—Ä–æ—à–ª–æ 15 –º–∏–Ω—É—Ç
(—Å): —Å—Ç—Ä–∞–Ω–Ω–æ, –≤—ã —Ç–æ—á–Ω–æ –ª–∏—Å—Ç—ã –ø–æ–ª–æ–∂–∏–ª–∏?
(–ø): –¥–∞, –ø–æ–ª–æ–∂–∏–ª
... –ø—Ä–æ—à–ª–æ 15 –º–∏–Ω—É—Ç
(—Å): –ï—Ä—É–Ω–¥–∞ –∫–∞–∫–∞—è-—Ç–æ, –∫–æ–Ω—Ç—Ä–∞—Å—Ç–Ω–æ—Å—Ç—å –Ω–∞ –Ω–æ–ª–µ, –Ω–∏—á–µ–≥–æ –Ω–µ —Ä–∞–∑–±–µ—Ä–µ—à—å. –¢—Ä–∞–∫—Ç —Å–∫–∞–Ω–µ—Ä–∞ —Ä–∞–±–æ—Ç–∞–µ—Ç?
(–ø): –î–∞, –ª–∏—Å—Ç–æ—á–∫–∏ –µ—Å—Ç, –ø–æ—Ç–æ–º –≤—ã–ø–ª–µ–≤—ã–≤–∞–µ—Ç.
... –ø—Ä–æ—à–ª–æ 15 –º–∏–Ω—É—Ç (–û–∑–∞—Ä–µ–Ω–∏–µ !!! )
(—Å): –ü–µ—Ä–µ–≤–µ—Ä–Ω–∏—Ç–µ –ø–æ–∂–∞–ª—É–π—Å—Ç–∞ –ª–∏—Å—Ç—ã, –æ–Ω–∏ —É –í–∞—Å –Ω–µ —Ç–æ–π —Å—Ç–æ—Ä–æ–Ω–æ–π –ø–æ–ª–æ–∂–µ–Ω—ã.
(–ø): –ü–æ–∂–∞–ª—É–π—Å—Ç–∞.
... –ø–∞—É–∑–∞ —É–≤–µ–ª–∏—á–∏–ª–∞—Å—å –¥–æ –ø–æ–ª—É—á–∞—Å–∞
(—Å): –ù–∞—à–∞ –º–∞–≥–∏—è –∑–¥–µ—Å—å –±–µ—Å—Å–∏–ª—å–Ω–∞, –±—É–¥–µ–º –≤—ã–∑—ã–≤–∞—Ç—å –∫—Å–µ—Ä–æ–∫—Å–æ–≤—ã—Ö —Å–µ—Ä–≤–∏—Å–Ω–∏–∫–æ–≤. –í—ã–∫–ª—é—á–∞–π—Ç–µ –º–∞—à–∏–Ω—É.
(–ø): –•–æ—Ä–æ—à–æ. –ê –í–∞–º –±—É–º–∞–≥–∞ –µ—â–µ –Ω—É–∂–Ω–∞ –∏–ª–∏ –º—ã —ç—Ç—É –ø–∞—á–∫—É —á–∏—Å—Ç–æ–≤–∏–∫–æ–≤ –º–æ–∂–µ–º –∑–∞–±—Ä–∞—Ç—å?
 ","xxx:
—ã-—ã-—ã...–Ω–µ —Ç–∞–∫ –ü–µ—Ç—è —Å—Ç—Ä–∞—à–µ–Ω, –∫–∞–∫ –µ–≥–æ –º–∞–º–∞. –£ –º–µ–Ω—è —Ç–æ–∂–µ –ø–æ–ø–∞–ª—Å—è —Ç–∞–∫–æ–π. –í—Ä–æ–¥–µ –∏ –Ω–∏—á–µ–≥–æ –º–∞–ª—å—á–∏–∫, —Ç–æ–ª—å–∫–æ —Å—Ç—Ä–∞—à–Ω–æ –Ω–µ—É–≤–µ—Ä–µ–Ω–Ω—ã–π –≤ —Å–µ–±–µ, —Ö–æ—Ç—è –∏ —Ä–æ—Å—Ç, –∏ –≤–Ω–µ—à–Ω–æ—Å—Ç—å, –≤—Å–µ –±—ã–ª–æ –≤–ø–æ–ª–Ω–µ –æ–∫. –ù–æ –º–∞–º–∞! –ø–µ—Ä–≤—ã–π –∂–µ –≤–æ–ø—Ä–æ—Å, –∫–æ—Ç–æ—Ä—ã–π –æ–Ω–∞ –º–Ω–µ –∑–∞–¥–∞–ª–∞ —Å—Ä–∞–∑—É –ø–æ—Å–ª–µ –∑–Ω–∞–∫–æ–º—Å—Ç–≤–∞: ""–ê –≤—ã —Å –º—É–∂—á–∏–Ω–∞–º–∏ —Å–µ–∫—Å–æ–º –∑–∞–Ω–∏–º–∞–ª–∏—Å—å? –ú–Ω–µ –Ω–∞–¥–æ, —á—Ç–æ–±—ã –Ω–µ–∏—Å–ø–æ—Ä—á–µ–Ω–Ω–∞—è –±—ã–ª–∞!"" –ú–µ–Ω—è —Ç–∞–∫–æ–π —Ä–∂–∞—á —Ä–∞–∑–æ–±—Ä–∞–ª, –Ω–µ —Å–¥–µ—Ä–∂–∞–ª–∞—Å—å. –ê –≤–æ—Ç –µ—Å–ª–∏ –±—ã —Å–¥–µ—Ä–∂–∞–ª–∞—Å—å, –∏–Ω—Ç–µ—Ä–µ—Å–Ω–æ, –æ–Ω–∞ –±—ã —Å–≤–µ—á–∫—É –¥–µ—Ä–∂–∞–ª–∞ –∏ —É–ø—Ä–∞–≤–ª—è–ª–∞ –ø—Ä–æ—Ü–µ—Å—Å–æ–º? ","tn: –£ –Ω–∞—Å –≤ –∫–∞–±–∏–Ω–µ—Ç–µ –µ—Å—Ç—å –∫–æ–ª–ª–µ–≥–∞, –∫–æ—Ç–æ—Ä–∞—è –ø–æ—Å—Ç–æ—è–Ω–Ω–æ —Å–∫–ª–∞–¥—ã–≤–∞–µ—Ç —á–∞–π–Ω—ã–µ –ø–∞–∫–µ—Ç–∏–∫–∏ –∏–∑ —Ä–∞–∑–Ω—ã—Ö —É–ø–∞–∫–æ–≤–æ–∫ –≤ –æ–¥–Ω—É, —á—Ç–æ–±—ã ¬´–Ω–µ –∑–∞–≥—Ä–æ–º–æ–∂–¥–∞—Ç—å –º–µ—Å—Ç–æ –ø–æ–ª—É–ø—É—Å—Ç—ã–º–∏ –∫–æ—Ä–æ–±–∫–∞–º–∏¬ª.
tn: –†–µ—à–∏–ª–∏ –ø—Ä–∏–Ω—è—Ç—å –º–µ—Ä—ã - –∫—É–ø–∏–ª–∏ –Ω–µ–ø–∞–∫–µ—Ç–∏—Ä–æ–≤–∞–Ω–Ω—ã–π —á–∞–π, —Ä–æ—Å—Å—ã–ø—å—é.
tn: –ú–µ—Ä—ã –Ω–µ –ø–æ–¥–µ–π—Å—Ç–≤–æ–≤–∞–ª–∏. –ü—å–µ–º –∑–µ–ª–µ–Ω—ã–π —ç—Ä–ª –≥—Ä—ç–π. ","xxx: –ê–Ω—å, —Ç—ã, –Ω–∞–≤–µ—Ä–Ω–æ–µ, –∏–∑ —Ç–µ—Ö, –∫—Ç–æ —Å—ä–µ—Å—Ç —Å–µ—Ä–¥—Ü–µ –≤—Ä–∞–≥–∞, —á—Ç–æ–±—ã –æ–±—Ä–µ—Å—Ç–∏ –µ–≥–æ —Å–∏–ª—É.
xxx: –ù–æ —è —Ç–µ–±—è –æ–≥–æ—Ä—á—É.
xxx: –û—Ç —Ç–æ–≥–æ, —á—Ç–æ —Ç—ã –µ—à—å –º–Ω–µ –º–æ–∑–≥–∏, —Ç–≤–æ–∏—Ö —É —Ç–µ–±—è –Ω–µ –ø—Ä–∏–±–∞–≤–∏—Ç—Å—è. ","–ë–ª–∏–Ω, —è –¥—É–º–∞–ª–∞, —Ç–∞–∫ —Ç–æ–ª—å–∫–æ –≤ –∏–Ω—Ç–µ—Ä–Ω–µ—Ç-–∏—Å—Ç–æ—Ä–∏—è—Ö –±—ã–≤–∞–µ—Ç!

–ú—ã —Å –º—É–∂–µ–º –ø–æ—à–ª–∏ –Ω–∞ –≤–æ–∫–∑–∞–ª –∑–∞ –±–∏–ª–µ—Ç–∞–º–∏ –Ω–∞ –ø–æ–µ–∑–¥ (–º–æ–∂–Ω–æ –∏ –≤ –∏–Ω—Ç–µ—Ä–Ω–µ—Ç–µ –∫—É–ø–∏—Ç—å, –∫–æ–Ω–µ—á–Ω–æ, –Ω–æ –Ω–∞–º –¥–æ –≤–æ–∫–∑–∞–ª–∞ –∏–¥—Ç–∏ –Ω–µ–¥–∞–ª–µ–∫–æ, —Ä–µ—à–∏–ª–∏ –ø—Ä–æ–≥—É–ª—è—Ç—å—Å—è). –í—Å—Ç–∞–ª–∏ –≤ –æ—á–µ—Ä–µ–¥—å. –¢—É—Ç –º—É–∂—É –∫—Ç–æ-—Ç–æ –ø–æ–∑–≤–æ–Ω–∏–ª, –æ–Ω –æ—Ç–æ—à—ë–ª –ø–æ–≥–æ–≤–æ—Ä–∏—Ç—å, –∞ —è –æ—Å—Ç–∞–ª–∞—Å—å –≤ –æ—á–µ—Ä–µ–¥–∏.

–ü–æ—è–≤–ª—è–µ—Ç—Å—è –ø–æ–º—è—Ç–æ–≥–æ –≤–∏–¥–∞ –º—É–∂–∏–∫ –Ω–µ–æ–ø—Ä–µ–¥–µ–ª—ë–Ω–Ω—ã—Ö –ª–µ—Ç, –æ–∫–∏–¥—ã–≤–∞–µ—Ç –æ—á–µ—Ä–µ–¥—å –≤–∑–≥–ª—è–¥–æ–º –∏ —Ä–µ—à–∞–µ—Ç, —á—Ç–æ —è (–º–∞–ª–µ–Ω—å–∫–∞—è, —Ö—Ä—É–ø–∫–∞—è –∏ –ø—Ä–∏ —ç—Ç–æ–º –∑–∞–º–µ—Ç–Ω–æ –º–æ–ª–æ–∂–µ –±–æ–ª—å—à–∏–Ω—Å—Ç–≤–∞ –¥—è–¥–µ–∫ –∏ —Ç—ë—Ç–æ–∫ –≤ –æ—á–µ—Ä–µ–¥–∏) - —Å–ª–∞–±–æ–µ –∑–≤–µ–Ω–æ. –í–ª–µ–∑–∞–µ—Ç –≤ –æ—á–µ—Ä–µ–¥—å –ø–µ—Ä–µ–¥–æ –º–Ω–æ–π, –Ω–∞ –ø–æ–ø—ã—Ç–∫—É –≤–æ–∑–º—É—Ç–∏—Ç—å—Å—è –Ω–∞—á–∏–Ω–∞–µ—Ç –±—ã–∫–æ–≤–∞—Ç—å, —á—Ç–æ –æ–Ω, –¥–µ—Å–∫–∞—Ç—å, —Ç–∞–∫–∏—Ö, –∫–∞–∫ —è, –Ω–∞ –∑–∞–≤—Ç—Ä–∞–∫ –µ—Å—Ç, —â–∞—Å –∫–∞–∫ –≤—Ä–µ–∂–µ—Ç - —É–ª–µ—á—É –∏ –≤–æ–æ–±—â–µ. –û—á–µ—Ä–µ–¥–∏ –ø–æ—Ñ–∏–≥, –≤—Å–µ –¥–µ–ª–∞—é—Ç –≤–∏–¥, —á—Ç–æ –Ω–∏—á–µ–≥–æ –Ω–µ –ø—Ä–æ–∏—Å—Ö–æ–¥–∏—Ç. –ú—É–∂ (–∫—Ä—É–ø–Ω—ã–π –Ω–µ–±—Ä–∏—Ç—ã–π –¥—è–¥—å–∫–∞), —É—Å–ª—ã—à–∞–≤, —á—Ç–æ –º–µ–Ω—è –æ–±–∏–∂–∞—é—Ç, –≤–æ–∑–≤—Ä–∞—â–∞–µ—Ç—Å—è –∏ –¥–∞–∂–µ –Ω–µ —É—Å–ø–µ–≤–∞–µ—Ç –Ω–∏—á–µ–≥–æ —Å–∫–∞–∑–∞—Ç—å, –ø—Ä–æ—Å—Ç–æ –≤—ã—Ä–∞–∑–∏—Ç–µ–ª—å–Ω–æ —Å–º–æ—Ç—Ä–∏—Ç. –î—è–¥—å–∫–∞ —Å–æ —Å–ª–æ–≤–∞–º–∏ ""–û–π, –∏–∑–≤–∏–Ω–∏—Ç–µ!"" —Ä–µ—Ç–∏—Ä—É–µ—Ç—Å—è, –Ω–∞ —Ö–æ–¥—É –ø—ã—Ç–∞—è—Å—å –∏–∑–æ–±—Ä–∞–∑–∏—Ç—å –∫–Ω–∏–∫—Å–µ–Ω. –¢—É—Ç –∂–µ, —Å–ª–æ–≤–Ω–æ –ø–æ –º–∞–Ω–æ–≤–µ–Ω–∏—é –ø–∞–ª–æ—á–∫–∏, –æ—á–µ—Ä–µ–¥—å –æ–∂–∏–≤–∞–µ—Ç –∏ –Ω–∞—á–∏–Ω–∞–µ—Ç —Ö–æ—Ä–æ–º –æ—Å—É–∂–¥–∞—Ç—å –¥—è–¥—å–∫—É (–±–æ—Ä–∑—ã–π –∫–∞–∫–æ–π, –∏—à—å —Ç—ã, –¥–æ —Ö—Ä—É–ø–∫–æ–π –¥–µ–≤–æ—á–∫–∏ –¥–æ–∫–æ–ø–∞–ª—Å—è, –ø–æ–¥–ª–µ—Ü!). ","–î–∞–≤–∞–π—Ç–µ –ø–æ—Å—Ç–∞–≤–∏–º –≤–æ–ø—Ä–æ—Å —Ç–∞–∫: ""–ú–æ–∂–µ—Ç –ª–∏ –≤—Å–µ—Å–∏–ª—å–Ω–æ–µ —Å—É—â–µ—Å—Ç–≤–æ –ø–æ—Å—Ç–∞–≤–∏—Ç—å —Å–µ–±–µ –Ω–µ–≤—ã–ø–æ–ª–Ω–∏–º—É—é –∑–∞–¥–∞—á—É?""
–ò –ø—É—Å—Ç—å –æ–Ω–æ –¥–∞–ª—å—à–µ —Å–∞–º–æ –∑–∞–º–æ—Ä–∞—á–∏–≤–∞–µ—Ç—Å—è. "
